GDB-9248-01.pdf;b6ca7183fc85eb7328bfbaa649fd10107f2d0f96
GDB-9248-02.pdf;31b674f518459b7c8a6f1da6fa974c4a2218b256
GDB-9249-01.pdf;161066af79a094efd1d3b5092689a08c338e8f4b
GDB-9249-02.pdf;db10de9b598df56ae437bede2adfbd3bca737a19
GDB-9250-01.pdf;8f6f02a3b332e091862d1bade570bf5fdcadd3aa
GDB-9250-02.pdf;e2a4158c4c1b0beb3ba727dc2f6fceb095c41e04
GDB-9251-01.pdf;60dd441214d15b36c774b8c2732549cb6c442cfb
GDB-9251-02.pdf;417ba3fb8e249551fff49f2e9573156cd5c3099a
GDB-9252-01.pdf;5af2b932630cd43440ecca49c6833a9ce2ad627e
GDB-9252-02.pdf;52e773e24ade97f0f455525d0bba9e820fd7b0d4
GDB-9253-01.pdf;902fa493a69f6ea5b6e4cb5a2d8c7c978b0d3495
GDB-9253-02.pdf;69f0eb858b20a57ad8c735e4255a993666c482b0
GDB-9254-01.pdf;0d97ccd726fbcd606149f4a795d7b422f4044de7
GDB-9254-02.pdf;465715adfb3e58aad10b7d1ae328f4b3d270acfc
GDB-9255-01.pdf;dadd0214ee51ba3170e075f2b076c54b9760f3b7
GDB-9255-02.pdf;19bfdaa3ab6315e505d5ac0be7aace96f06039ce
GDB-9256-01.pdf;fc8332b57af7e5bd0998c4e95865c41a4681afcc
GDB-9256-02.pdf;d5cab93606ff58874d5ed356f574af1fce851f5c
GDB-9257-01.pdf;5bd3676357616ae6bdb0e76759bacbb50f765b58
GDB-9257-02.pdf;d1c3205ee3c6b789a67e91b30142b10cb82f706f
GDB-9258-01.pdf;1127918fedd74405a6953b7090737909ec2f5821
GDB-9258-02.pdf;d7f98962d8635e53782c7860d8fff24d0bcdbd9f
GDB-9259-01.pdf;0ea3da91676d2bcd4221e37a65e76176e5184a3b
GDB-9259-02.pdf;baf243428b4117ecbc39361b70d9a271fa9bf7b8
GDB-9260-01.pdf;79b5cd9345860b684447ddf27cf25d54d2f3e3f8
GDB-9260-02.pdf;3e19df63733969a15c1b3fe8db99a2073d1589b6
GDB-9261-01.pdf;1b26f6c1b5df06ca5f9397911869ce7c226878c1
GDB-9261-02.pdf;d5d016632c64eee88c4017a6045be7b559ea252e
GDB-9262-01.pdf;1b597ada9fc6e82012e57e76f80609af2d9afade
GDB-9262-02.pdf;448d8afa9932e0087133627dfd423f65a0bf30e0
GDB-9263-01.pdf;b209ef2118c5265660200056059e5a83991f8842
GDB-9263-02.pdf;83d91e94d53873cb147e4640b778ce067db79e05
GDB-9264-01.pdf;4884d4a3b6c708d99c86135b60787c5587723904
GDB-9264-02.pdf;1a040004565b2680dbb5526c642ab069caf36cac
GDB-9265-01.pdf;8fc8a3b9339bbd201c252fec2d5d92bd59dedb53
GDB-9265-02.pdf;e8abd91f66cbba72821b1498e14badd437ac9723
GDB-9266-01.pdf;8ff6d95028c83f642e1f307212147dbfd455a28c
GDB-9266-02.pdf;31853e821860993e14aeef4b6688f31087ffc39d
GDB-9266-03.pdf;7681d8cd469ce82d7f67b660635838cffff64e30
GDB-9267-01.pdf;045c4e1dc5418802ebab676d6d62f2bad4a14e15
GDB-9267-02.pdf;b9353c7914daa8cde8af24fcbee3d77dee559ed4
GDB-9268-01.pdf;6727604684f7f3c92b359b7da231e29aaa67b25b
GDB-9268-02.pdf;7addcfaa7ca9bf4e9e45ead1c9de582ed711c2e4
GDB-9269-01.pdf;d8e11adaa6e1499ba42a64386d52d96959819cb4
GDB-9269-02.pdf;5d33a903fec03aa6c2e87514ef0b0adea3f50860
GDB-9270-01.pdf;0583cfed41dbb9dcef1ac5642f3a58e62038b55b
GDB-9270-02.pdf;af23308ab4e10fa8e9365aee03835fba8fc80589
GDB-9271-01.pdf;2515acb1e63b735b4423200a4c7291dea87ddad1
GDB-9271-02.pdf;fa87d062f66213bbcb8b997e5b917dbf1b31e93d
GDB-9271-03.pdf;6d9e93ac1d0d4b578c3cdb8f6b3d94db6c9f2723
GDB-9272-01.pdf;f55dc94fc2a4f52447a619a4c418e35da602e667
GDB-9272-02.pdf;f06a51d0d49e2c601c48c8647888978b806433b2
GDB-9273-01.pdf;8a269d14a70da541f3d7f0234ad9c20a6bdfc817
GDB-9273-02.pdf;d53b8683e3780f13f609dcc61f90a2e0f70f6f31
GDB-9274-01.pdf;e0dd6c08cc3e4952ba4ec4f957896a37d1f0a60d
GDB-9274-02.pdf;c8a6d3e02561ceccb84646eb7d94ae50c2b9011e
GDB-9275-01.pdf;e5e84cc6aeb1b818e2dd54871f5402ee4bdaccf9
GDB-9275-02.pdf;f72349b839ab5a9e7a0bff4ad71373ac2b5889ac
GDB-9276-01.pdf;5b431712564804eef889dfc990a7a2657b9bf867
GDB-9276-02.pdf;839e10aea7eb568ec69a9abe4f66ab3024ea8809
GDB-9277-01.pdf;9bc80f40df662b18a13d7b373b91c0ff445e4ca8
GDB-9277-02.pdf;87dfcebc8a720db26ff4c96b6402d4f70ea921c8
GDB-9278-01.pdf;f1a4417e7f31b1040c6e3c87e9c6f89e7ff7feab
GDB-9278-02.pdf;84a4fe071a7998cf8f72e741a992170640ef0ba4
GDB-9279-01.pdf;4b124bf55d71a7aeb64b62e7a46f7c57829f67b5
GDB-9279-02.pdf;f0cc2c8b860ead84df78d0f875133fb7b0f243bd
GDB-9280-01.pdf;3b128c05c1b247c8c8e26ce3e4b4c3277fa2427e
GDB-9280-02.pdf;fe4757db3be97bc034f856faedf21e0bf18b7ccf
GDB-9281-01.pdf;2e54f7cd77118aa7c1308cc38e048da0e05f76ce
GDB-9281-02.pdf;e7d6bc65c06593617cc0eeb53e23b5c9a2bee180
GDB-9281-03.pdf;7f81f7e57a26aff5359132e0a1c3074013bb42e8
GDB-9282-01.pdf;9f8e7dc39fe10e32d67fa8ef052a54647424f35a
GDB-9282-02.pdf;99b4d6628667dcb7624c7c77b209b0cef4ae87ae
GDB-9283-01.pdf;94e10d618a45dee4aeaa30b27d1895582287a93c
GDB-9283-02.pdf;246172381620693adac5170a01e056b6f7d1a651
GDB-9284-01.pdf;1202899c9796aef6d0632f898d8a68dc4263ae6c
GDB-9284-02.pdf;bceddc43e3e182b9b51b1ffeed4dd4cdcc213096
GDB-9285-01.pdf;4d61e104b87ebb951157e6b422aecf6af63f70c2
GDB-9285-02.pdf;c0c981e536ec8d7c1cdd5344499c045fac9aa445
GDB-9286-01.pdf;87d0484a00b3e38a4e3c80c27775cb876e34af93
GDB-9286-02.pdf;fd49e86ca75f265bf21d0facd2cdcc8b964069fa
GDB-9287-01.pdf;b263a55a1a2a38264cdd8c00c4d9de6bd78618a9
GDB-9287-02.pdf;4502e4983565f6888cb5a38a046813f2ad0dd4ca
GDB-9288-01.pdf;585fbce2923142c12fcf5d31fb0d8346daa8a23b
GDB-9288-02.pdf;6941294579b463c7d69cc4984f9700b5db6d9f94
GDB-9289-01.pdf;33a353ab89bcc30470db29338fd6f0e9329b8a44
GDB-9289-02.pdf;9ecc05569f72e0e12a530f59d790911d33bfb633
GDB-9289-03.pdf;3cad31f49a90edc26a1cdeccffa387ea520a69de
GDB-9290-01.pdf;55624263243a1284cde57fc51c048e98774930b9
GDB-9290-02.pdf;50a3620d815f5d9532c84fdb01a7044b67dcd3d8
GDB-9291-01.pdf;f67ef97120a3abcecd0adcfb0e59d2d8f75de175
GDB-9291-02.pdf;850187ab2ca6b2c1c3d6c45d694fbc01d396e450
GDB-9292-01.pdf;a648e1fabb21b3a293ea124546dfe858890bd9ad
GDB-9292-02.pdf;1d15f7a1aa3dc52ee80c4ac6cf23fa0f1e4f8ef1
GDB-9293-01.pdf;6d7cb942130a9c08179a4502cfe65b86e1e908fb
GDB-9293-02.pdf;be30f8f954fb74c1c92f68ddae7482a920288b2b
GDB-9294-01.pdf;9c12a026976f9ff44d9be6893bd4e82795be89fa
GDB-9294-02.pdf;9681a1f10ac89f4c68a643bc40b2f2a930ea86b8
GDB-9295-01.pdf;9a707d8f2fd5c2b178c81d21eba51bb4e21c59e7
GDB-9295-02.pdf;c5409aba904ed4839119bf262b70ea3e87138dba
GDB-9296-01.pdf;5cf91d9ab3e708083bcc3b774cc64a95f8f81700
GDB-9296-02.pdf;402f43e8c5eab6b5203dd8a99478144a04d38093
GDB-9296-03.pdf;32e3576b716f8a989f4e27ee57291ff0595b7940
GDB-9297-01.pdf;e2592f4614d0a21eb040c781c9461affc1266b8a
GDB-9297-02.pdf;37387c6c622919e32079c5d05fb743fa8b7e690e
GDB-9298-01.pdf;fdd445330a58002dfba5886887ac21cc17d07154
GDB-9298-02.pdf;26efbc9bc59667a4652862855d3d759e4b8843f3
GDB-9299-01.pdf;5707aec745bde0a6b3085e87db3d7e4587b9a526
GDB-9299-02.pdf;81a6461e48ff581ad06047bb064a4777f6bf4c7e
GDB-9300-01.pdf;aa64db09950dc0bb53ebe734b59ba9dc99f021a4
GDB-9300-02.pdf;940fa00f7a0b6312680a9e4e2c75eed15e097c80
GDB-9301-01.pdf;157a27348219a2aea2044c79bdf7ad887e8c112a
GDB-9301-02.pdf;8ee5e78f878ff352105bcf0005c25e6716d40a7f
GDB-9302-01.pdf;edf515e7dccd594bcd4338c37f7a71a90d14bc1b
GDB-9302-02.pdf;3e80192cb9537eb711aa9e260f3e9dc04860a8bf
GDB-9303-01.pdf;2c15afdcf56f22aa90e246688af79701492bfab3
GDB-9303-02.pdf;83d06c486a3c9d1ff438aaf7450b58732f580ddc
GDB-9304-01.pdf;34ea7b3997045f33da8b356024084d675bc34654
GDB-9304-02.pdf;8c23dda49c5ae31c64123d8999f8575bd00ee2c1
GDB-9305-01.pdf;6a6b6a9198c530e45cdc5302a0f8b53fde95280b
GDB-9305-02.pdf;7b5f2f94ba81759d8b2111e4cb4b776e06fde202
GDB-9306-01.pdf;4615444cb1f52711212b0f1381f47b1f5a404e2e
GDB-9306-02.pdf;7bc9183a70ded9ed6828f7597fcc6c76e1d937be
GDB-9307-01.pdf;2bd31f27a7a99752d498026e98ebde4fa4e46024
GDB-9307-02.pdf;ec2dd2b2df70147f749fd91f1af5725cb0e88fd5
GDB-9308-01.pdf;3591327444a17b39ed0cba8ef43c2e3d478a7cac
GDB-9308-02.pdf;5f2266655cd11aef10b072771ba1a74b48f32be3
GDB-9309-01.pdf;51a0b99fb132a542206e330d2cb78c0c6ec12470
GDB-9309-02.pdf;ed014185ed0538cb973742ee8731017f91033e5a
GDB-9310-01.pdf;7cd2ac1f77860cbd5730494aea05f146c83b3a4e
GDB-9310-02.pdf;63af5f2236c5ed8a8ed95f8a1fa251e00e7904ba
GDB-9310-03.pdf;6405ccce34e45e21796ec9111c0f66249c0295c6
GDB-9311-01.pdf;f1e4422964a80039ff3e229184ba6c3f43c38579
GDB-9311-02.pdf;781e1cba2a1badbacdf305c5ee6b1f3ae4fd14b1
GDB-9312-01.pdf;95e37c517c404aeb5485af87831b2f088e716c71
GDB-9312-02.pdf;da7c9ca706f5e604b20c4df040907ca9a68b4982
GDB-9313-01.pdf;4ffa0b612503375b9346970d40734a7418365e0e
GDB-9313-02.pdf;117e408ccbd83ce9cd4805bf131ab349d6c50bbf
GDB-9314-01.pdf;28a2a2870aadb2fa0b32309c5b5ba53d63c3b72a
GDB-9314-02.pdf;9a6b930088781d349ab98427a3d403f68b25c118
GDB-9314-03.pdf;55f39aeaa9765ec404851a2988d1867e79e93534
GDB-9315-01.pdf;2c02d55a25ef295b751913d3d7b5397582cf6593
GDB-9315-02.pdf;81ffb0cb41ff17ca260c4790aca069212363a460
GDB-9316-01.pdf;aed4e7ffca399af8c033d981337dd926cfda95ac
GDB-9316-02.pdf;874b483196d10eed66ffd475d9eb73efb7b2c51f
GDB-9317-01.pdf;9d665415d61ea65ccfc07e0449f738ec4ac8e70a
GDB-9317-02.pdf;9eb0777508d164c2eaf5bcae993a3209015745a0
GDB-9318-01.pdf;cfbd43793dc21abfa37b1407f2e32dd692dfa290
GDB-9318-02.pdf;0d7d8fdd04eccd624395273a7bbd5b9dda53ba58
GDB-9319-01.pdf;f96fd9e4de06d73dc502112b4f839122cf9812fb
GDB-9319-02.pdf;6218adbab4b8e2a81ed8b600a919009ebd8d1a9a
GDB-9320-01.pdf;1fd6cee620fc0cd525a41196481c7e21f58e0757
GDB-9320-02.pdf;d006f4bda445a0567c2c956dfb03e88c3bd41574
GDB-9321-01.pdf;ef2d373cb1e82d60e501a0d1ec37bd23d61bad69
GDB-9321-02.pdf;f8c4736dc37be00d5f343987fbdda1927c08366a
GDB-9322-01.pdf;01c75dcb867ea3a366d928085881b96821bc0197
GDB-9322-02.pdf;96a060547a8680d909c3dc8c2f756cc5e409058f
GDB-9323-01.pdf;1eb7a534e1f107df4d96a83691626050738b3643
GDB-9323-02.pdf;a1497cd0a4f61ebb0011a43e601e9cc7c78b2d81
GDB-9324-01.pdf;0e070b0a2945ea4b00bcd740fcbc363aeae1a30f
GDB-9324-02.pdf;d081c36f1aed501f9d55cd74d1405829a75079b4
GDB-9325-01.pdf;b1e9d46c88b676cd34a35b8bd9cf6179bb3a16c1
GDB-9325-02.pdf;7accb8d2acb4f4a2082e65e5f550a2c4d5ff8d9b
GDB-9326-01.pdf;dd159f225262873d7b9e20ad6aabcc3735fed1f2
GDB-9326-02.pdf;8f4483ec2b22d2754481ed908b009c494a997516
GDB-9327-01.pdf;3b5ba6c8fbef485128b6bcf86205a900c335de24
GDB-9327-02.pdf;ed956b06ad0318d2191e337d02acb37ec894aa68
GDB-9328-01.pdf;f3d5e2c482c9aebaff943ebe72689852c909bc8e
GDB-9328-02.pdf;b99d309b772dfd7c849346a9836d6491d39ff5d3
GDB-9329-01.pdf;289962e69675b68c57d89f8f9fdc6de9ce514f9c
GDB-9329-02.pdf;6e20476dab0f2763cb2db56ee27291f22977a0d7
GDB-9329-03.pdf;08d93627abc0b3318ce0d8ab98af45438b600f5f
GDB-9330-01.pdf;38cfa6d19bc114e3c151da28603039a79d5e2f0d
GDB-9330-02.pdf;584c2a228ed0af4ac0726992b72b3171b01be7c1
GDB-9331-01.pdf;70310a572e6bdd43d7d429f3af0d35095f68058a
GDB-9331-02.pdf;c3001349123cbd505e5b647a77fbb54236adee57
GDB-9332-01.pdf;3c61593d9f52bf2f22e74eb77190e227fd94aa06
GDB-9332-02.pdf;09e3bdaacba42a101c981f39f4188c65ad4e083f
GDB-9333-01.pdf;3f85f1f21680082a6a2fb5608d5d47b1bf7e3e10
GDB-9333-02.pdf;831b41617d56e1683bce07a3e1d4e8b5259b3726
GDB-9334-01.pdf;ce1674b05dc649394131255c3692b02205c2e692
GDB-9334-02.pdf;c6b880a8a0710eac49804deef96ca582f06d41be
GDB-9335-01.pdf;cd6f3fbceb68a5bbff717f3099be29c328bea578
GDB-9335-02.pdf;61ec85cd8297b8f64b717c65e1b03a430b47a66a
GDB-9336-01.pdf;b74f7f2eb4deb11b332f79ab714a1f839bebaa3c
GDB-9336-02.pdf;b5c249d2bb3955b73d888b5bef15447ae6696caa
GDB-9336-03.pdf;3e98bc12956060ca38b00a6ad07ffac498106c0d
GDB-9337-01.pdf;1af0ccae9ac8f906f36c2916421c4e410a2acf10
GDB-9337-02.pdf;24f4e7fa8e84588c5059b27b2b245a61a528adc3
GDB-9338-01.pdf;30362e0220d88aa82d9efdf85c8d12a3525298c9
GDB-9338-02.pdf;54492e52bab6102a76432386d612804ba216d58c
GDB-9339-01.pdf;020ba88db38960e2645b21e04c6e05c9ce837a84
GDB-9339-02.pdf;6ac358bc9eefbcf0e0c7b656241568a1847ecac0
GDB-9340-01.pdf;09387c74de143b91afb32707f1994ea251f4c006
GDB-9340-02.pdf;d4ee3cb90bec45b9abd83f469a59cd7aad4d22df
GDB-9341-01.pdf;5dcc02fba7295f57d9726fa5b40fad545c52c3b7
GDB-9341-02.pdf;bcd935d57f618b084af0181951d6b690657f94d3
GDB-9342-01.pdf;08bd5b77076820a2189e9f33dd7cf6c23c56e0cf
GDB-9342-02.pdf;20fb7a5815d4fdf896b14458c56a2c455876a4fe
GDB-9343-01.pdf;1ece0476ad352d04237092fe082546c45bd8d6ed
GDB-9343-02.pdf;2fe79af5515c6060dfa50cf012743c5cc4653cf7
GDB-9344-01.pdf;c2414bcd78e56bc6d98315de953d1e9f15ce4eb1
GDB-9344-02.pdf;f3869b5363b0085b06b491706e80396b9654d580
GDB-9345-01.pdf;7068fca652dabce840234c58a587dc01509586c4
GDB-9345-02.pdf;73d13d3c8d60389ff56d78f474b4ccea42e2613f
GDB-9346-01.pdf;c158535942aef096c439e4a18a7d8119c5b9dc76
GDB-9346-02.pdf;7c740a948a2d4d0e23fd6ea1416c6caab785b3f6
GDB-9347-01.pdf;eed8e5502b4cfa42f21104d0289fb42e00143b3c
GDB-9347-02.pdf;65723d9bc063d481b3cf16f3e84f119f4ac4fb2c
GDB-9348-01.pdf;37027e24f6b6606d03cf4aff452568b6a99296d8
GDB-9348-02.pdf;3152cdc84baf25213fbf3fb43c8cac38770dd6e0
GDB-9349-01.pdf;f0f375bc2d661b9b0fd55384bb2e6b92c8b9d2d5
GDB-9349-02.pdf;b5ac24aab0a83175f932b83350ae357f611e5314
GDB-9350-01.pdf;6eae404dc45050c717c4f05227e68dbb03b4777d
GDB-9350-02.pdf;2da9a3d932f4f5a88626dc52e5f2c406d51acad0
GDB-9351-01.pdf;f9e360f96968f7ba7f99fe59786ae837844f8f30
GDB-9351-02.pdf;809488e566fa48ecda84230b3391ff820050a192
GDB-9352-01.pdf;424ab51de0fd1ae17fed668da03ae0083205e9be
GDB-9352-02.pdf;c4e731aebb95fe60d8c36a0a503655c967bc1e39
GDB-9353-01.pdf;465d8e1e2e749b99061c9cda7d132af544884b72
GDB-9353-02.pdf;eca3312be05962241ca199f844dc9c827c479ce5
GDB-9353-03.pdf;406d04d58d534435bad43423ea5fe82596a4218d
GDB-9354-01.pdf;e87419b629a2511bb8bacbf8db243cb3bbc21d37
GDB-9354-02.pdf;43f838bf637fefd99e87c81be04cadaeb970c03d
GDB-9355-01.pdf;4476af4230cde12372cb16c994b11694edd41afc
GDB-9355-02.pdf;556149b71d6e1808edaebb598a96b79ac6d6dfa8
GDB-9356-01.pdf;becd5356615dfd23228ca7ce62187f4966235142
GDB-9356-02.pdf;11aa4b2dd66463317e102a2fa5da7b793dd9d717
GDB-9357-01.pdf;9c70df08b651c0eea833bc8d004a6702f5751c5a
GDB-9357-02.pdf;02dcc7bd33500405d13e89b32926864f1c75e0ae
GDB-9358-01.pdf;8bd114f6ff93f694af38cdb9510901b77df4aaca
GDB-9358-02.pdf;3eb7bfba7dfbd4c1985cfc7f7939b92e18cada58
GDB-9359-01.pdf;56283d605e46d0867a82e339e0ec565046794570
GDB-9359-02.pdf;d175ff8a3d402ea379b988dfff5200449584d5de
GDB-9360-01.pdf;56a6b3742b73b3730e39b3daaaa6fbf7ac73a9a1
GDB-9360-02.pdf;1790b0da911dc30a7c81abf89a0b3fb143361310
GDB-9361-01.pdf;122126ec143be7deedcf98ec298085204fcbb7a1
GDB-9361-02.pdf;366e51e015e0a53b8a66c58ac7c5b4b97e83d977
GDB-9362-01.pdf;7b9d18658af346caf75d9e84df18146bc8f32581
GDB-9362-02.pdf;d913fedcfb0e8b6746d2c8b0e5537e1c57473718
GDB-9363-01.pdf;fd1b19cb00eff6528f9161733de46cf98fa2994b
GDB-9363-02.pdf;33a5a703c096d4c4957d6d200f1c805ee64a4e0f
GDB-9364-01.pdf;b5a16089c52b85385b16cf24aa9f080b5aa5490d
GDB-9364-02.pdf;484cd8702826d311d55e9b483352217598332477
GDB-9365-01.pdf;30e98e378ed61e7c443b14b19cd15a71f22a0113
GDB-9365-02.pdf;6f3c11789b93619bbfcae70e506421eab2de994e
GDB-9366-01.pdf;133a1f71e82c1dbe576d8fa4e479d5f4f8cafb52
GDB-9366-02.pdf;1318df4c4bbce570cabfd336e0f2b462c9d07396
GDB-9367-01.pdf;683c2d3015bad6cf0461f1d1ba2997057d034c1c
GDB-9367-02.pdf;97a99964b9dac88aec7e48bf9af3d17815e13109
GDB-9368-01.pdf;361032c63e3c1f4da284694875e40ae75dae1da5
GDB-9368-02.pdf;e088547165312093afd9d581bdcf6f9ba4e06ae5
GDB-9368-03.pdf;79980ba8963d6c8a4203c58e86a3f2b434713b79
GDB-9369-01.pdf;9d0cddc400f56f827c5cf56999ecefdce4d919c2
GDB-9369-02.pdf;d4611320aaf561386a275b09b9d6f6fcd55416d0
GDB-9370-01.pdf;fa4f4f242aac33f24141ffdc07289afad1ddf474
GDB-9370-02.pdf;d66fe51159e5a6a606c23caa50b5ee8ffb94fd37
GDB-9371-01.pdf;04484ef9ed336cafa27d226de244cc7188c2f3d6
GDB-9371-02.pdf;4eb87cb0220342954be98aaae35c4892cba59b84
GDB-9372-01.pdf;8f9846fac2bd486aa56015c9f5e535249a38c280
GDB-9372-02.pdf;21682bbf835a83e270d6e80416878f4d530570d3
GDB-9373-01.pdf;66087eaa6eed7c4a6fcce55be940167eca1f634e
GDB-9373-02.pdf;730121775fb93004f1a74bc908dfbfe66d32de3d
GDB-9374-01.pdf;efb7368373b147e6e40833d78ca0c1330739b646
GDB-9374-02.pdf;04758db1f6493a2a11e17aaaf270db68d18aeeef
GDB-9375-01.pdf;9d2ae7c4265ea39cfb5c2f27f4868bd7746e788a
GDB-9375-02.pdf;3580cee1eda2c2087169bce030f90b6f8d3ddd85
GDB-9376-01.pdf;f5e247baed555380ea64df070f1000fa338334a6
GDB-9376-02.pdf;68466bb55ce9d1d72b2adeb39456e32ff83b4372
GDB-9377-01.pdf;ceb1087cea5f376668c8b07ab5ef41eed8411875
GDB-9377-02.pdf;7d9903b763207fbdf97423a1ee71dc89ff106c92
GDB-9378-01.pdf;58f6aae53bdcebbddd76e903f72cc14aff3f1702
GDB-9378-02.pdf;41d6b3ecba3a5df3765042be5f59528eabaa977d
GDB-9379-01.pdf;7a0306410679e7d6233a77660106635a4f684f7d
GDB-9379-02.pdf;b5f850a6adf4bceba4e04a01b8ae721d08eb7250
GDB-9380-01.pdf;4036179de5895bb630fd00ba7a22961f3923e291
GDB-9380-02.pdf;dc905730b6db26f4b6fc998e53bd4fd50e9f2a14
GDB-9381-01.pdf;f7ac4a077c3f398b61945c7b9aadace08845564f
GDB-9381-02.pdf;e1aa0486db0a83121b47901b805b22b82195e841
GDB-9382-01.pdf;45b6ed914ca8fa775d191be81b3a152c78636567
GDB-9382-02.pdf;af66b16d487b6326711eefd756ffeac2d6f28a64
GDB-9383-01.pdf;63c1722c2c010e94ac0ae00ee228ebffc1391f79
GDB-9383-02.pdf;207beb9d46b0f08af589a050daee800700b2295b
GDB-9384-01.pdf;ed99ff3be2b159a879349e5b963c12463e8a5159
GDB-9384-02.pdf;cffd6c5dbbc3e8c4697d7a997e5e4f3eb589374f
GDB-9385-01.pdf;b68e026da746e87f6170e7dee1d02ba1b1279fc6
GDB-9385-02.pdf;b0af5fa3ae83feb35ef3daa85455f4a509be52e6
GDB-9386-01.pdf;94bdb567813bc7ab56b7644e4fea9cf472fc3705
GDB-9386-02.pdf;a0778254dec85799a653b12ff534ff13c9a009b7
GDB-9387-01.pdf;5bf09ba28561c3a0111a74055450484f65b5e621
GDB-9387-02.pdf;86cfe918bb9758fe04334b98ce82e6f3477e0d20
GDB-9388-01.pdf;a9b99ea05f24f624e4f8939e248236271ef8480f
GDB-9388-02.pdf;7f035e5e54464aa4be250dcc5f62aca9306654a3
GDB-9389-01.pdf;b7dbd89818c34ced38dfb210e2ef01709bebab4b
GDB-9389-02.pdf;99c6fad9e68ad3a58916b2c4eaed595b40d585e1
GDB-9390-01.pdf;c581490356910c95ef81c1e0ac623f5b01fd09ab
GDB-9390-02.pdf;02bd13e93d92496c1923f4462b0574f441bf1c89
GDB-9391-01.pdf;6574087c7ecd5d48c9c2bba38dcc52676cea72bc
GDB-9391-02.pdf;8e865a4deafd5398287d34562dda153d19fcdea5
GDB-9392-01.pdf;81be5fa51f74867146bd7029c07d864379dc053b
GDB-9392-02.pdf;bdec00e9b273024137b029359610c1176e6e877f
GDB-9393-01.pdf;acb166aba5def9df24fc086a2a9a14df4c44fac4
GDB-9394-01.pdf;3ac927f02a809e42af023ef6d8b8c0b42e963035
GDB-9394-02.pdf;051597cbd23706152a3798567b4589c85a301c3d
GDB-9395-01.pdf;d96a690388d32f8e0e586f61983ccd6477ae0862
GDB-9395-02.pdf;db69fa4e7b186b7e8d4413b0b0452085c29b5df3
GDB-9396-01.pdf;2c64e1f6af1fe35e0e2611d055c3eb6b682ef001
GDB-9396-02.pdf;1292efa70cd02be5aee712a37ec6866017ea4c8d
GDB-9397-01.pdf;8f3e0f2189c35f32d676ad7a3ebd22c4e3bf632f
GDB-9397-02.pdf;b0fe1ab84cb66aefa05397f8c4f52be1ac185189
GDB-9398-01.pdf;85a8ea5638a6d64b58bd5235bfd5c86090559e63
GDB-9398-02.pdf;d1aebcaa04eb928187b78923c9b5675b5fd155d4
GDB-9399-01.pdf;946fac01a96fd2de45857ebe86771fbe6ebed1b4
GDB-9399-02.pdf;8d61fc1755e66c9f34cac111d34a8095dd56fe6c
GDB-9400-01.pdf;054689d5fdbe7c8fb46579d56eb09ce6dbb82981
GDB-9400-02.pdf;1bd7ae3a2a7cb2489734f6a135274e391aa579b2
GDB-9400-03.pdf;9638c915b792692f4c15ea29fed3ef274c925ae6
GDB-9401-01.pdf;0754fc8d23e4e11c4c404f1915acbef5b83af4eb
GDB-9401-02.pdf;fa2f70601d9f77beb5003f0a93d41d9bc25ecf4e
GDB-9401-03.pdf;9e9538cf9087df76f762d0ef3d97b8189319b720
GDB-9402-01.pdf;89184d2c6dc10deb0414d08a6ba75cee8cc51b7d
GDB-9402-02.pdf;a1163ca977fd5b0b5b96e7fb77f368fa70f0fa6f
GDB-9403-01.pdf;39227472e2b705dbf69300e018414c2cda88849b
GDB-9403-02.pdf;0867d28562e28aaf6b152a0e5f1a8222995b29dc
GDB-9404-01.pdf;637218e1659d773bf6a325f932c39bc67fcc02ac
GDB-9404-02.pdf;1b8d21e5e7428f227553f73dca71497a45596a14
GDB-9405-01.pdf;e01ea1cca5e532acd39ad4160c11c280764bebf4
GDB-9405-02.pdf;f2b568afb1c02578fc1ae39e0dd21fe4685f414f
GDB-9406-01.pdf;5c7e7b445c61e7c9f83218dc13972fc3d1472f9b
GDB-9406-02.pdf;4786449964b0b9477036df7eecc86fc89faa82bb
GDB-9407-01.pdf;b6cfbba6aa4920079b39e8385d924cc69039998b
GDB-9407-02.pdf;9c8bd46e9a174b0626752543a9d31ae947ef5add
GDB-9407-03.pdf;c75be32bb5868fbfb4d7a5a684e7f79781daa857
GDB-9408-01.pdf;a28f59af17d34baa08f051df3f1f728106ba335c
GDB-9408-02.pdf;f0689a21cfe6066ec66b0f26d77c7ad34885ce3d
GDB-9409-01.pdf;05da0b2153f4c3295ef1b08e7a0686e312a15e5d
GDB-9409-02.pdf;5bc2211731e3bf696c3ca172c2cb14e39bff2933
GDB-9410-01.pdf;81e9bd2994f2b7d85d3db0d1da201979c2ade780
GDB-9410-02.pdf;c7764ed22faddb10b2004aa975e0cbd2732c1b8c
GDB-9411-01.pdf;0fe274446bae1f5655503ec1d5c1bede0308970b
GDB-9411-02.pdf;5040ee18432d57d6d90880a29f929589f35edfa6
GDB-9412-01.pdf;20e51a95adcea3d7bfa982b733522e7d33369edb
GDB-9412-02.pdf;b400185e2182cfa42493705b8af1c48438a3c168
GDB-9412-03.pdf;cfa7f8ca8b0b8ea9b22b5e2cff039d20237177e9
GDB-9413-01.pdf;8aff4c7b8f0f33509acf70ff08566689173b5e01
GDB-9413-02.pdf;0e3af3f7a0bae4c2513a0d04ad64a137f7341a58
GDB-9414-01.pdf;ab194732b3d87df36feec00d256c2a60a6ca63f4
GDB-9414-02.pdf;6abbe0c00c582a1288b6aaedf291e70b82484c2f
GDB-9415-01.pdf;c8662519bac64a2cf71e26ead39ee9cefd939e69
GDB-9415-02.pdf;060998e58f7536127c6e651b6c03a5bf1cb68768
GDB-9416-01.pdf;ddc964d068985088327dec9bcd4b9365da1dc2eb
GDB-9416-02.pdf;9ec7e848558c2f8035a2d1aa5537a054fa884fdb
GDB-9417-01.pdf;08f1f3b17d7a2c6f42a1762bbe7ff9a93ce28a03
GDB-9417-02.pdf;2c182c90b9f31e472240ec5460450dae4d4863c2
GDB-9418-01.pdf;c39bea3f0b5a0b9860726dafa866fa7752f3ab4a
GDB-9418-02.pdf;8d6940bbaff499835be1848c066ace54fe1fa131
GDB-9419-01.pdf;d17ec2cfb2ba8979db447e507ac2cb71ddedb411
GDB-9419-02.pdf;a68dd2dbf0965d423570579a546bfe3717a9ea9e
GDB-9420-01.pdf;da863fa126043a20468a6d9bbe5b8a7c16e55290
GDB-9420-02.pdf;3b4a726b559f0d0124ac55cba33e5919d510dd61
GDB-9420-03.pdf;62fe1614e1a407c4174273df5718539e46e7826d
GDB-9421-01.pdf;4e2ac91f52b2a71b828c9871f4434e5f5d3a6d6d
GDB-9421-02.pdf;04c7de2cef5d1aa60372b4b6f72243f95bc8704b
GDB-9422-01.pdf;1c0607147665bdd7fb5efc3abfe0437037593883
GDB-9422-02.pdf;657ad699cdea4441ac312d9b6f5a34d281e1720a
GDB-9423-01.pdf;24f02bf00d70af3b305fe76623b16bbf744ddad8
GDB-9423-02.pdf;20622cd3e6f335777b462f962a2ea016ddac64a4
GDB-9424-01.pdf;0beb0258de7dad651cb2b63e773f579eeefc0b11
GDB-9424-02.pdf;bd70f98977f0b7bdc6a2fd12091418123c0653aa
GDB-9425-01.pdf;ed975f736f2d01ec1515b10e48614080f8d041aa
GDB-9425-02.pdf;8f25b65311e48c27b7f53ffeb2f8f6c1a0ba8f8c
GDB-9426-01.pdf;cff71df2b48aefde9e50ec9a81802753b1eef29f
GDB-9426-02.pdf;5a614f90416d52c642c5cd72e8447138a497d192
GDB-9427-01.pdf;d848cd6a6df3c1bc3dbd49999c4bcab8458a8afd
GDB-9427-02.pdf;5961c6cea6930504c5f3f204091e8171d3a9c59f
GDB-9428-01.pdf;1c5a19bce92ae37bb5181df0c67a992b9631c138
GDB-9428-02.pdf;9cefbb18c0427fa51259fba2c6010d86f21f4c1c
GDB-9429-01.pdf;71d242120bf24c94840d5e93dac5ed7a89e4e369
GDB-9429-02.pdf;61a11ea3b098102bf4f382cb52716b0369e15dbb
GDB-9429-03.pdf;d8b592b90ab8550731f272b47324cabd14870e4c
GDB-9430-01.pdf;9e7cf2a7491c92e2013b0bf1e0cc8c48e01aaf29
GDB-9430-02.pdf;d18865ac70c13987eaa95dd645c8cc7a70fe3814
GDB-9431-01.pdf;cd37ca1459973b7a5d0de8f63ddf0ec074b94de2
GDB-9431-02.pdf;a7068773ac8594ddb7e6f3384027bfa0ff2ec233
GDB-9431-03.pdf;06225700910db3113e5c7ab4dec021e3d0df3003
GDB-9432-01.pdf;f7127914e4dcf7d4ad7687f37ddf6e89a876fb20
GDB-9432-02.pdf;3fd8f69c97f815b7b17f6969c17acd30147d80bb
GDB-9433-01.pdf;e8893a8b58ff22985c465aaa6eea55d57a33e66d
GDB-9433-02.pdf;28cbdb666ee3875bb9a80c7cf0375188ca1f9074
GDB-9434-01.pdf;81b1ef8eb3dd0cc9b0cd832e9b4e3e56becf1705
GDB-9434-02.pdf;0cc5746e1bd5661e0ef9039836bd6baa4021ecc8
GDB-9435-01.pdf;95b7181a54b69fe964615576a8d55cdf7ffeef64
GDB-9435-02.pdf;eb512e7d7c49caf3b103abad079b08c0a0cc115a
